{
  "golden": "dataset/reco_golden_recommendation_19_clean.jsonl",
  "max_queries": 20,
  "baseline_enhanced_reranker": {
    "Recall@5": 0.4301190476190476,
    "Recall@10": 0.5911904761904762,
    "Precision@5": 0.2800000000000001,
    "Precision@10": 0.21500000000000002,
    "MRR": 0.6663095238095238,
    "MRR@5": 0.6458333333333334,
    "MRR@10": 0.6663095238095238,
    "NDCG@5": 0.4403867217239221,
    "NDCG@10": 0.5173122379783475,
    "MAP": 0.3774971655328798,
    "F1@5": 0.32707070707070707,
    "F1@10": 0.3057336780866192,
    "Hit@5": 0.85,
    "Hit@10": 1.0,
    "Avg_Latency_ms": 2726.737325000113,
    "P95_Latency_ms": 3783.8926000003994,
    "Recall@5_qual": 0.4301190476190476,
    "Recall@10_qual": 0.5911904761904762,
    "MRR_qual": 0.6663095238095238
  },
  "ncs_csv_enhanced_reranker": {
    "Recall@5": 0.46345238095238106,
    "Recall@10": 0.6078571428571429,
    "Precision@5": 0.30000000000000016,
    "Precision@10": 0.22000000000000006,
    "MRR": 0.6316666666666666,
    "MRR@5": 0.6183333333333334,
    "MRR@10": 0.6316666666666666,
    "NDCG@5": 0.45333269277188937,
    "NDCG@10": 0.5229482516655206,
    "MAP": 0.38806594860166294,
    "F1@5": 0.3520707070707071,
    "F1@10": 0.31342598577892694,
    "Hit@5": 0.9,
    "Hit@10": 1.0,
    "Avg_Latency_ms": 1808.3758300000682,
    "P95_Latency_ms": 1993.0940999993254,
    "Recall@5_qual": 0.46345238095238106,
    "Recall@10_qual": 0.6078571428571429,
    "MRR_qual": 0.6316666666666666
  },
  "delta_ncs_minus_baseline": {
    "Avg_Latency_ms": -918.361495,
    "F1@10": 0.007692,
    "F1@5": 0.025,
    "Hit@10": 0.0,
    "Hit@5": 0.05,
    "MAP": 0.010569,
    "MRR": -0.034643,
    "MRR@10": -0.034643,
    "MRR@5": -0.0275,
    "MRR_qual": -0.034643,
    "NDCG@10": 0.005636,
    "NDCG@5": 0.012946,
    "P95_Latency_ms": -1790.7985,
    "Precision@10": 0.005,
    "Precision@5": 0.02,
    "Recall@10": 0.016667,
    "Recall@10_qual": 0.016667,
    "Recall@5": 0.033333,
    "Recall@5_qual": 0.033333
  }
}