{
  "golden": "dataset/reco_golden_recommendation_19_clean.jsonl",
  "max_queries": 20,
  "baseline_enhanced_reranker": {
    "Recall@5": 0.4301190476190476,
    "Recall@10": 0.5911904761904762,
    "Precision@5": 0.2800000000000001,
    "Precision@10": 0.21500000000000002,
    "MRR": 0.6579761904761905,
    "MRR@5": 0.6375000000000001,
    "MRR@10": 0.6579761904761905,
    "NDCG@5": 0.4381664136190362,
    "NDCG@10": 0.5150919298734615,
    "MAP": 0.3758304988662131,
    "F1@5": 0.32707070707070707,
    "F1@10": 0.3057336780866192,
    "Hit@5": 0.85,
    "Hit@10": 1.0,
    "Avg_Latency_ms": 2294.026875000145,
    "P95_Latency_ms": 5161.955700000362,
    "Recall@5_qual": 0.4301190476190476,
    "Recall@10_qual": 0.5911904761904762,
    "MRR_qual": 0.6579761904761905
  },
  "ncs_csv_enhanced_reranker": {
    "Recall@5": 0.46345238095238106,
    "Recall@10": 0.5953571428571428,
    "Precision@5": 0.30000000000000016,
    "Precision@10": 0.21500000000000002,
    "MRR": 0.6158333333333333,
    "MRR@5": 0.6075,
    "MRR@10": 0.6158333333333333,
    "NDCG@5": 0.45128526646299755,
    "NDCG@10": 0.5172520268129095,
    "MAP": 0.38896164021164015,
    "F1@5": 0.3520707070707071,
    "F1@10": 0.30628312863606977,
    "Hit@5": 0.9,
    "Hit@10": 0.95,
    "Avg_Latency_ms": 1563.8257699999485,
    "P95_Latency_ms": 1857.1438999997554,
    "Recall@5_qual": 0.46345238095238106,
    "Recall@10_qual": 0.5953571428571428,
    "MRR_qual": 0.6158333333333333
  },
  "delta_ncs_minus_baseline": {
    "Avg_Latency_ms": -730.201105,
    "F1@10": 0.000549,
    "F1@5": 0.025,
    "Hit@10": -0.05,
    "Hit@5": 0.05,
    "MAP": 0.013131,
    "MRR": -0.042143,
    "MRR@10": -0.042143,
    "MRR@5": -0.03,
    "MRR_qual": -0.042143,
    "NDCG@10": 0.00216,
    "NDCG@5": 0.013119,
    "P95_Latency_ms": -3304.8118,
    "Precision@10": 0.0,
    "Precision@5": 0.02,
    "Recall@10": 0.004167,
    "Recall@10_qual": 0.004167,
    "Recall@5": 0.033333,
    "Recall@5_qual": 0.033333
  }
}