{
  "golden": "dataset/reco_golden_recommendation_19_clean.jsonl",
  "max_queries": 20,
  "baseline_enhanced_reranker": {
    "Recall@5": 0.32321428571428573,
    "Recall@10": 0.5438095238095239,
    "Precision@5": 0.24000000000000005,
    "Precision@10": 0.20500000000000002,
    "MRR": 0.4608928571428571,
    "MRR@5": 0.43083333333333335,
    "MRR@10": 0.4608928571428571,
    "NDCG@5": 0.29913679445609653,
    "NDCG@10": 0.39575124429017305,
    "MAP": 0.24786375661375656,
    "F1@5": 0.26583694083694087,
    "F1@10": 0.2889406916612799,
    "Hit@5": 0.75,
    "Hit@10": 0.95,
    "Avg_Latency_ms": 37087.03381,
    "P95_Latency_ms": 32833.19500000016,
    "Recall@5_qual": 0.32321428571428573,
    "Recall@10_qual": 0.5438095238095239,
    "MRR_qual": 0.4608928571428571
  },
  "ncs_csv_enhanced_reranker": {
    "Recall@5": 0.3277380952380952,
    "Recall@10": 0.5841666666666666,
    "Precision@5": 0.24000000000000007,
    "Precision@10": 0.22000000000000003,
    "MRR": 0.49642857142857144,
    "MRR@5": 0.4666666666666667,
    "MRR@10": 0.49642857142857144,
    "NDCG@5": 0.3097517910639528,
    "NDCG@10": 0.4283569961480458,
    "MAP": 0.27211337868480723,
    "F1@5": 0.26778138528138534,
    "F1@10": 0.3108101702219349,
    "Hit@5": 0.75,
    "Hit@10": 0.95,
    "Avg_Latency_ms": 21334.917099999937,
    "P95_Latency_ms": 27815.333599999576,
    "Recall@5_qual": 0.3277380952380952,
    "Recall@10_qual": 0.5841666666666666,
    "MRR_qual": 0.49642857142857144
  },
  "delta_ncs_minus_baseline": {
    "Avg_Latency_ms": -15752.11671,
    "F1@10": 0.021869,
    "F1@5": 0.001944,
    "Hit@10": 0.0,
    "Hit@5": 0.0,
    "MAP": 0.02425,
    "MRR": 0.035536,
    "MRR@10": 0.035536,
    "MRR@5": 0.035833,
    "MRR_qual": 0.035536,
    "NDCG@10": 0.032606,
    "NDCG@5": 0.010615,
    "P95_Latency_ms": -5017.8614,
    "Precision@10": 0.015,
    "Precision@5": 0.0,
    "Recall@10": 0.040357,
    "Recall@10_qual": 0.040357,
    "Recall@5": 0.004524,
    "Recall@5_qual": 0.004524
  }
}