{
  "golden": "C:\\Users\\rlaeh\\OneDrive\\바탕 화면\\Projects\\CertWeb\\cert-app\\backend\\dataset\\reco_golden_recommendation_19_clean.jsonl",
  "max_queries": null,
  "seed": 42,
  "grid": {
    "lo": 76,
    "hi": 104,
    "coarse_step": 4
  },
  "weights": {
    "w_r5": 2.0,
    "w_mrr": 1.0,
    "w_lat": 0.0002,
    "lat_ratio_max": 1.08
  },
  "baseline_center": {
    "RAG_TOP_N_CANDIDATES": 88,
    "RAG_BM25_TOP_N": 90,
    "RAG_CONTRASTIVE_TOP_N": 90,
    "RAG_VECTOR_TOP_N_OVERRIDE": 88
  },
  "baseline_metrics": {
    "Recall@5": 0.46016156462585034,
    "Recall@10": 0.5940051020408165,
    "Precision@5": 0.3,
    "Precision@10": 0.2089285714285714,
    "MRR": 0.6895833333333332,
    "MRR@5": 0.6806547619047619,
    "MRR@10": 0.6895833333333332,
    "NDCG@5": 0.47032218802330866,
    "NDCG@10": 0.5350195699655567,
    "MAP": 0.40489304948169746,
    "F1@5": 0.3515563801278086,
    "F1@10": 0.3013114598986449,
    "Hit@5": 0.8571428571428571,
    "Hit@10": 0.9107142857142857,
    "Avg_Latency_ms": 1738.441494642838,
    "P95_Latency_ms": 2413.6335000002873,
    "Recall@5_qual": 0.46016156462585034,
    "Recall@10_qual": 0.5940051020408165,
    "MRR_qual": 0.6895833333333332
  },
  "baseline_composite": 1.2622181636564662,
  "trials": [
    {
      "stage": 1,
      "trial_idx": 0,
      "overrides": {
        "RAG_TOP_N_CANDIDATES": 80,
        "RAG_BM25_TOP_N": 76,
        "RAG_CONTRASTIVE_TOP_N": 92,
        "RAG_VECTOR_TOP_N_OVERRIDE": 88
      },
      "metrics": {
        "Recall@5": 0.4497448979591837,
        "Recall@10": 0.5934098639455783,
        "Precision@5": 0.2928571428571428,
        "Precision@10": 0.2089285714285714,
        "MRR": 0.6833333333333333,
        "MRR@5": 0.6744047619047618,
        "MRR@10": 0.6833333333333333,
        "NDCG@5": 0.45574594791697726,
        "NDCG@10": 0.5258388756286331,
        "MAP": 0.39112627888456986,
        "F1@5": 0.3431238404452689,
        "F1@10": 0.3012852955867662,
        "Hit@5": 0.875,
        "Hit@10": 0.9285714285714286,
        "Avg_Latency_ms": 975.563396428551,
        "P95_Latency_ms": 1329.0810000007696,
        "Recall@5_qual": 0.4497448979591837,
        "Recall@10_qual": 0.5934098639455783,
        "MRR_qual": 0.6833333333333333
      },
      "composite": 1.3877104499659905,
      "beats_baseline": false
    },
    {
      "stage": 1,
      "trial_idx": 1,
      "overrides": {
        "RAG_TOP_N_CANDIDATES": 88,
        "RAG_BM25_TOP_N": 84,
        "RAG_CONTRASTIVE_TOP_N": 80,
        "RAG_VECTOR_TOP_N_OVERRIDE": 80
      },
      "metrics": {
        "Recall@5": 0.4378401360544217,
        "Recall@10": 0.5968112244897962,
        "Precision@5": 0.2892857142857143,
        "Precision@10": 0.2089285714285714,
        "MRR": 0.6634353741496598,
        "MRR@5": 0.6494047619047619,
        "MRR@10": 0.6634353741496598,
        "NDCG@5": 0.442932568369309,
        "NDCG@10": 0.5180519912944795,
        "MAP": 0.3827952232480293,
        "F1@5": 0.33680426716141004,
        "F1@10": 0.3019317079978845,
        "Hit@5": 0.8214285714285714,
        "Hit@10": 0.9107142857142857,
        "Avg_Latency_ms": 997.4045357142164,
        "P95_Latency_ms": 1317.8017000000182,
        "Recall@5_qual": 0.4378401360544217,
        "Recall@10_qual": 0.5968112244897962,
        "MRR_qual": 0.6634353741496598
      },
      "composite": 1.3396347391156598,
      "beats_baseline": false
    },
    {
      "stage": 1,
      "trial_idx": 2,
      "overrides": {
        "RAG_TOP_N_CANDIDATES": 100,
        "RAG_BM25_TOP_N": 76,
        "RAG_CONTRASTIVE_TOP_N": 76,
        "RAG_VECTOR_TOP_N_OVERRIDE": 80
      },
      "metrics": {
        "Recall@5": 0.4586734693877551,
        "Recall@10": 0.6014455782312925,
        "Precision@5": 0.2964285714285714,
        "Precision@10": 0.2107142857142857,
        "MRR": 0.6710034013605443,
        "MRR@5": 0.6625,
        "MRR@10": 0.6710034013605443,
        "NDCG@5": 0.4543122323318124,
        "NDCG@10": 0.5237616120446918,
        "MAP": 0.3866678476946335,
        "F1@5": 0.3482258812615954,
        "F1@10": 0.30409141803574574,
        "Hit@5": 0.875,
        "Hit@10": 0.9285714285714286,
        "Avg_Latency_ms": 923.9709803571259,
        "P95_Latency_ms": 1116.9763000007151,
        "Recall@5_qual": 0.4586734693877551,
        "Recall@10_qual": 0.6014455782312925,
        "MRR_qual": 0.6710034013605443
      },
      "composite": 1.4035561440646294,
      "beats_baseline": true
    },
    {
      "stage": 1,
      "trial_idx": 3,
      "overrides": {
        "RAG_TOP_N_CANDIDATES": 88,
        "RAG_BM25_TOP_N": 88,
        "RAG_CONTRASTIVE_TOP_N": 76,
        "RAG_VECTOR_TOP_N_OVERRIDE": 88
      },
      "metrics": {
        "Recall@5": 0.47521258503401365,
        "Recall@10": 0.602933673469388,
        "Precision@5": 0.31428571428571433,
        "Precision@10": 0.2125,
        "MRR": 0.7214285714285713,
        "MRR@5": 0.718452380952381,
        "MRR@10": 0.7214285714285713,
        "NDCG@5": 0.4876599459779304,
        "NDCG@10": 0.5481637769101505,
        "MAP": 0.41456271595939975,
        "F1@5": 0.3660405071119356,
        "F1@10": 0.3064135007149713,
        "Hit@5": 0.8928571428571429,
        "Hit@10": 0.9107142857142857,
        "Avg_Latency_ms": 930.7932392856791,
        "P95_Latency_ms": 1151.9043999996939,
        "Recall@5_qual": 0.47521258503401365,
        "Recall@10_qual": 0.602933673469388,
        "MRR_qual": 0.7214285714285713
      },
      "composite": 1.4856950936394628,
      "beats_baseline": true
    },
    {
      "stage": 1,
      "trial_idx": 4,
      "overrides": {
        "RAG_TOP_N_CANDIDATES": 100,
        "RAG_BM25_TOP_N": 88,
        "RAG_CONTRASTIVE_TOP_N": 104,
        "RAG_VECTOR_TOP_N_OVERRIDE": 92
      },
      "metrics": {
        "Recall@5": 0.45676020408163265,
        "Recall@10": 0.591028911564626,
        "Precision@5": 0.29999999999999993,
        "Precision@10": 0.20714285714285713,
        "MRR": 0.6823129251700679,
        "MRR@5": 0.6767857142857141,
        "MRR@10": 0.6823129251700679,
        "NDCG@5": 0.45920969046313104,
        "NDCG@10": 0.5230919593724098,
        "MAP": 0.386709470494547,
        "F1@5": 0.35006828488971337,
        "F1@10": 0.2990793170415019,
        "Hit@5": 0.8928571428571429,
        "Hit@10": 0.9285714285714286,
        "Avg_Latency_ms": 1033.5957464285943,
        "P95_Latency_ms": 1466.3645999999062,
        "Recall@5_qual": 0.45676020408163265,
        "Recall@10_qual": 0.591028911564626,
        "MRR_qual": 0.6823129251700679
      },
      "composite": 1.3891141840476142,
      "beats_baseline": true
    },
    {
      "stage": 2,
      "trial_idx": 0,
      "overrides": {
        "RAG_TOP_N_CANDIDATES": 88,
        "RAG_BM25_TOP_N": 96,
        "RAG_CONTRASTIVE_TOP_N": 76,
        "RAG_VECTOR_TOP_N_OVERRIDE": 88
      },
      "metrics": {
        "Recall@5": 0.4603316326530612,
        "Recall@10": 0.5925170068027211,
        "Precision@5": 0.30357142857142866,
        "Precision@10": 0.2089285714285714,
        "MRR": 0.7140306122448978,
        "MRR@5": 0.7059523809523809,
        "MRR@10": 0.7140306122448978,
        "NDCG@5": 0.477985387375286,
        "NDCG@10": 0.5405772332269578,
        "MAP": 0.40911345292085083,
        "F1@5": 0.353639713461142,
        "F1@10": 0.30111522755955533,
        "Hit@5": 0.8571428571428571,
        "Hit@10": 0.9107142857142857,
        "Avg_Latency_ms": 864.5081535713969,
        "P95_Latency_ms": 980.7716999994227,
        "Recall@5_qual": 0.4603316326530612,
        "Recall@10_qual": 0.5925170068027211,
        "MRR_qual": 0.7140306122448978
      },
      "composite": 1.4617922468367408,
      "beats_baseline": true
    },
    {
      "stage": 2,
      "trial_idx": 1,
      "overrides": {
        "RAG_TOP_N_CANDIDATES": 80,
        "RAG_BM25_TOP_N": 88,
        "RAG_CONTRASTIVE_TOP_N": 84,
        "RAG_VECTOR_TOP_N_OVERRIDE": 80
      },
      "metrics": {
        "Recall@5": 0.46164965986394557,