{
  "golden": "C:\\Users\\rlaeh\\OneDrive\\바탕 화면\\Projects\\CertWeb\\cert-app\\backend\\dataset\\reco_golden_recommendation_19_clean.jsonl",
  "max_queries": 20,
  "pipelines": [
    "baseline",
    "current",
    "enhanced_reranker",
    "enhanced_reranker_no_contrastive"
  ],
  "warmup_passes": 1,
  "measured_passes": 3,
  "reranker": false,
  "pooled_latency_ms": {
    "baseline": {
      "n": 60.0,
      "mean": 136.29242833321769,
      "stdev": 12.07088351475349,
      "p50": 134.51689999783412,
      "p95": 163.14039999997476,
      "min": 117.9535000010219,
      "max": 169.652299999143
    },
    "current": {
      "n": 60.0,
      "mean": 48.155338332981046,
      "stdev": 7.679024961608123,
      "p50": 46.09820000041509,
      "p95": 62.363199998799246,
      "min": 39.86409999924945,
      "max": 74.44509999913862
    },
    "enhanced_reranker": {
      "n": 60.0,
      "mean": 1460.5969583331898,
      "stdev": 234.89972651835888,
      "p50": 1379.5372000022326,
      "p95": 1929.9527000002854,
      "min": 1135.5198999990535,
      "max": 2143.1912000007287
    },
    "enhanced_reranker_no_contrastive": {
      "n": 60.0,
      "mean": 1382.2689983335295,
      "stdev": 227.7733197700812,
      "p50": 1359.9215999965963,
      "p95": 1772.96700000079,
      "min": 1031.9281999982195,
      "max": 2037.387000000308
    }
  },
  "pass_mean_latency_ms": {
    "baseline": {
      "mean_of_pass_avgs": 136.29242833321769,
      "stdev_across_passes": 3.219799774235068,
      "pass_avgs": [
        132.84018499998638,
        139.21379999974306,
        136.82329999992362
      ]
    },
    "current": {
      "mean_of_pass_avgs": 48.155338332981046,
      "stdev_across_passes": 1.9956683374291289,
      "pass_avgs": [
        46.00901499943575,
        49.95490499968582,
        48.502094999821566
      ]
    },
    "enhanced_reranker": {
      "mean_of_pass_avgs": 1460.5969583331898,
      "stdev_across_passes": 57.81615203583113,
      "pass_avgs": [
        1527.2464600000603,
        1430.6024299996352,
        1423.941984999874
      ]
    },
    "enhanced_reranker_no_contrastive": {
      "mean_of_pass_avgs": 1382.2689983335295,
      "stdev_across_passes": 14.679822651967038,
      "pass_avgs": [
        1392.7668450003694,
        1365.4942949999167,
        1388.5458550003023
      ]
    }
  },
  "enhanced_hybrid_phases_ms": {
    "pre_parallel_ms": {
      "n": 60.0,
      "mean": 87.32087500023529,
      "stdev": 15.373661873107737,
      "p50": 84.69419999892125,
      "p95": 108.83040000044275,
      "min": 69.2735000011453,
      "max": 161.19650000109687
    },
    "parallel_ms": {
      "n": 60.0,
      "mean": 274.37757333318586,
      "stdev": 25.703386235874707,
      "p50": 271.02910000030533,
      "p95": 306.42119999902206,
      "min": 243.73090000153752,
      "max": 408.41749999890453
    },
    "fusion_ranking_ms": {
      "n": 60.0,
      "mean": 1098.4359816667468,
      "stdev": 217.65574031207598,
      "p50": 1037.2912999991968,
      "p95": 1462.3449999999139,
      "min": 809.9550000006275,
      "max": 1772.7395000001707
    }
  },
  "metrics_last_pass": {
    "baseline": {
      "Recall@5": 0.20464285714285718,
      "Recall@10": 0.34678571428571425,
      "Precision@5": 0.10999999999999999,
      "Precision@10": 0.11500000000000002,
      "MRR": 0.35615079365079366,
      "MRR@5": 0.3125,
      "MRR@10": 0.35615079365079366,
      "NDCG@5": 0.20601273786944221,
      "NDCG@10": 0.2778858006242805,
      "MAP": 0.1839912131519274,
      "F1@5": 0.1373809523809524,
      "F1@10": 0.16726836888601593,
      "Hit@5": 0.45,
      "Hit@10": 0.75,
      "Avg_Latency_ms": 136.82329999992362,
      "P95_Latency_ms": 155.27279999878374,
      "Recall@5_qual": 0.0,
      "Recall@10_qual": 0.0,
      "MRR_qual": 0.0
    },
    "current": {
      "Recall@5": 0.23916666666666667,
      "Recall@10": 0.3451190476190476,
      "Precision@5": 0.13,
      "Precision@10": 0.10999999999999999,
      "MRR": 0.3538095238095238,
      "MRR@5": 0.33333333333333337,
      "MRR@10": 0.3538095238095238,
      "NDCG@5": 0.2122600928595501,
      "NDCG@10": 0.2637381925567098,
      "MAP": 0.16324121315192744,
      "F1@5": 0.1637698412698413,
      "F1@10": 0.16089932126696832,
      "Hit@5": 0.55,
      "Hit@10": 0.7,
      "Avg_Latency_ms": 48.502094999821566,
      "P95_Latency_ms": 55.031800002325326,
      "Recall@5_qual": 0.0,
      "Recall@10_qual": 0.0,
      "MRR_qual": 0.0
    },
    "enhanced_reranker": {
      "Recall@5": 0.46345238095238106,
      "Recall@10": 0.6120238095238095,
      "Precision@5": 0.30000000000000016,
      "Precision@10": 0.22000000000000006,
      "MRR": 0.6158333333333333,
      "MRR@5": 0.6075,
      "MRR@10": 0.6158333333333333,
      "NDCG@5": 0.44617430992805973,
      "NDCG@10": 0.5189118203383243,
      "MAP": 0.38315901360544213,
      "F1@5": 0.3520707070707071,
      "F1@10": 0.3139754363283775,
      "Hit@5": 0.9,
      "Hit@10": 0.95,
      "Avg_Latency_ms": 1423.941984999874,
      "P95_Latency_ms": 1805.8908999992127,
      "Recall@5_qual": 0.46345238095238106,
      "Recall@10_qual": 0.6120238095238095,
      "MRR_qual": 0.6158333333333333
    },
    "enhanced_reranker_no_contrastive": {
      "Recall@5": 0.3629761904761905,
      "Recall@10": 0.5319047619047619,
      "Precision@5": 0.22000000000000006,
      "Precision@10": 0.18500000000000008,
      "MRR": 0.5642261904761905,
      "MRR@5": 0.5375,
      "MRR@10": 0.5642261904761905,
      "NDCG@5": 0.3538723201031567,
      "NDCG@10": 0.4388118411829759,
      "MAP": 0.304973544973545,
      "F1@5": 0.26492424242424245,
      "F1@10": 0.26634992458521867,
      "Hit@5": 0.8,
      "Hit@10": 1.0,
      "Avg_Latency_ms": 1388.5458550003023,
      "P95_Latency_ms": 1699.8654999988503,
      "Recall@5_qual": 0.3629761904761905,
      "Recall@10_qual": 0.5319047619047619,
      "MRR_qual": 0.5642261904761905
    }
  }
}